Date,Sentiment
2013-11-10,0.0
2014-01-15,1.0
2014-04-09,-1.0
2014-06-30,-1.0
2014-08-25,0.0
2014-09-11,1.0
2014-09-23,1.0
2014-12-04,0.0
2015-01-29,0.0
2015-02-01,-1.0
2015-02-04,-1.0
2015-03-01,-1.0
2015-04-26,0.0
2015-04-27,-1.0
2015-05-07,0.0
2015-05-17,-1.0
2015-05-20,1.0
2015-06-17,0.0
2015-08-11,-1.0
2015-08-12,0.0
2015-08-24,-1.0
2015-08-26,-1.0
2015-09-09,-1.0
2015-09-28,0.0
2015-09-29,-0.3333333333333333
2015-10-09,0.0
2015-12-16,0.0
2015-12-20,-1.0
2015-12-22,0.0
2015-12-31,0.0
2016-01-27,-1.0
2016-02-14,-1.0
2016-05-06,1.0
2016-05-17,0.0
2016-05-26,0.0
2016-06-04,-1.0
2016-06-20,0.0
2016-06-26,0.0
2016-07-31,-1.0
2016-10-19,-1.0
2016-12-13,0.0
2016-12-18,-1.0
2017-01-14,-1.0
2017-01-27,-1.0
2017-02-04,-1.0
2017-02-16,0.0
2017-03-01,0.0
2017-03-09,0.0
2017-03-19,-1.0
2017-03-24,1.0
2017-04-08,0.0
2017-04-20,0.0
2017-04-23,-1.0
2017-04-26,0.0
2017-05-06,0.0
2017-05-20,-1.0
2017-05-23,0.0
2017-05-24,0.0
2017-05-31,-1.0
2017-06-11,-1.0
2017-06-22,0.0
2017-06-30,-1.0
2017-07-10,-1.0
2017-07-22,0.0
2017-07-26,0.0
2017-07-27,0.0
2017-08-02,0.0
2017-08-09,-1.0
2017-08-19,-1.0
2017-08-29,-1.0
2017-09-03,1.0
2017-09-08,0.0
2017-10-12,0.0
2017-10-14,0.0
2017-10-25,-1.0
2017-11-04,-1.0
2017-11-12,-1.0
2017-11-29,0.0
2017-12-13,-1.0
2017-12-24,0.0
2017-12-30,-1.0
2018-01-14,1.0
2018-01-15,0.0
2018-02-03,1.0
2018-02-08,-1.0
2018-02-10,0.0
2018-03-07,-1.0
2018-03-09,-1.0
2018-03-19,-1.0
2018-03-27,-1.0
2018-04-03,-0.5
2018-04-10,0.0
2018-05-04,-1.0
2018-05-06,-1.0
2018-05-09,0.0
2018-05-24,0.0
2018-05-25,1.0
2018-06-07,-1.0
2018-06-12,1.0
2018-06-13,1.0
2018-06-27,-1.0
2018-06-30,-1.0
2018-07-09,0.0
2018-07-11,0.0
2018-07-12,1.0
2018-07-16,1.0
2018-07-17,-1.0
2018-07-23,-1.0
2018-07-29,-1.0
2018-08-02,-1.0
2018-08-14,0.0
2018-08-15,-1.0
2018-08-18,-1.0
2018-08-21,0.0
2018-08-25,0.0
2018-08-30,-1.0
2018-09-17,0.0
2018-09-27,1.0
2018-10-05,1.0
2018-10-10,-1.0
2018-10-12,-1.0
2018-10-15,0.0
2018-10-26,0.0
2018-10-30,-1.0
2018-11-03,-0.5
2018-11-06,-1.0
2018-11-08,-1.0
2018-11-15,1.0
2018-11-17,0.0
2018-11-22,0.0
2018-11-24,-1.0
2018-11-25,0.0
2018-12-05,0.0
2018-12-09,0.0
2018-12-16,0.0
2018-12-30,-1.0
2019-01-08,0.0
2019-01-16,-1.0
2019-01-18,1.0
2019-01-20,0.0
2019-01-31,-1.0
2019-02-13,-1.0
2019-02-22,0.0
2019-02-24,-1.0
2019-03-14,-1.0
2019-03-15,0.0
2019-03-24,-1.0
2019-04-01,-1.0
2019-04-12,-1.0
2019-04-18,0.0
2019-04-23,0.0
2019-04-28,-1.0
2019-05-05,-1.0
2019-05-06,-1.0
2019-05-07,-1.0
2019-05-11,-1.0
2019-05-13,-1.0
2019-05-14,0.0
2019-05-15,-1.0
2019-05-16,-1.0
2019-05-19,-1.0
2019-05-20,-1.0
2019-05-23,-1.0
2019-05-28,0.0
2019-05-30,-1.0
2019-06-01,-1.0
2019-06-02,-1.0
2019-06-05,0.0
2019-06-06,-1.0
2019-06-10,-1.0
2019-06-11,-1.0
2019-06-19,-1.0
2019-06-20,0.0
2019-06-24,-1.0
2019-07-02,-1.0
2019-07-04,-1.0
2019-07-07,-0.5
2019-07-16,-1.0
2019-07-25,-1.0
2019-07-26,-1.0
2019-07-27,0.0
2019-07-29,0.0
2019-08-03,-1.0
2019-08-11,0.0
2019-08-12,0.0
2019-08-20,0.5
2019-08-21,-0.5
2019-08-23,0.0
2019-08-24,-1.0
2019-08-28,-1.0
2019-08-30,-1.0
2019-09-02,-1.0
2019-09-04,-1.0
2019-09-08,0.0
2019-09-09,-1.0
2019-09-12,-1.0
2019-09-14,-1.0
2019-09-17,-0.5
2019-09-18,-1.0
2019-09-25,-1.0
2019-09-28,-1.0
2019-10-13,0.3333333333333333
2019-10-15,-1.0
2019-10-21,0.0
2019-10-25,-1.0
2019-10-27,-1.0
2019-10-28,-1.0
2019-11-03,-1.0
2019-11-04,0.0
2019-11-06,-1.0
2019-11-08,-1.0
2019-11-11,-1.0
2019-12-04,-1.0
2019-12-06,-1.0
2019-12-08,-1.0
2019-12-11,-1.0
2019-12-19,-1.0
2019-12-22,-1.0
2019-12-31,-1.0
2020-01-17,0.0
2020-01-20,-1.0
2020-01-21,-1.0
2020-01-22,0.0
2020-01-26,-1.0
2020-01-27,-1.0
2020-01-30,-1.0
2020-02-02,0.0
2020-02-05,-1.0
2020-02-06,-1.0
2020-02-08,-1.0
2020-02-14,0.0
2020-02-19,0.0
2020-03-03,-1.0
2020-03-07,-1.0
2020-03-16,0.0
2020-03-23,-1.0
2020-03-28,-1.0
2020-03-31,-1.0
2020-04-03,-1.0
2020-04-04,0.0
2020-04-09,0.0
2020-04-12,-1.0
2020-04-14,-0.5
2020-04-17,1.0
2020-04-22,-1.0
2020-04-28,1.0
2020-04-30,-1.0
2020-05-02,0.0
2020-05-03,0.0
2020-05-05,1.0
2020-05-07,-1.0
2020-05-09,-1.0
2020-05-12,0.0
2020-05-14,-1.0
2020-05-31,-1.0
2020-06-04,0.0
2020-06-08,-1.0
2020-06-10,-1.0
2020-06-14,-1.0
2020-06-19,-0.5
2020-06-22,-1.0
2020-06-27,-1.0
2020-07-06,1.0
2020-07-13,-1.0
2020-07-18,-1.0
2020-07-22,0.0
2020-07-27,0.0
2020-08-05,-0.5
2020-08-06,1.0
2020-08-11,0.0
2020-08-13,-1.0
2020-08-18,-0.5
2020-08-20,-0.5
2020-08-24,0.0
2020-08-25,0.0
2020-08-26,-1.0
2020-09-03,0.0
2020-09-09,-1.0
2020-09-14,0.0
2020-09-23,0.0
2020-09-27,1.0
2020-10-04,-1.0
2020-10-05,-1.0
2020-10-17,0.0
2020-10-24,0.0
2020-11-02,0.5
2020-11-06,-1.0
2020-11-08,-1.0
2020-11-11,-1.0
2020-11-17,-0.75
2020-11-21,-1.0
2020-11-24,0.0
2020-11-25,-1.0
2020-12-05,0.0
2020-12-10,-1.0
2020-12-18,0.0
2020-12-25,0.0
2020-12-26,-1.0
2020-12-30,1.0
2021-01-03,-1.0
2021-01-05,-1.0
2021-01-23,-1.0
2021-01-24,0.0
2021-02-01,0.0
2021-02-16,-1.0
2021-02-23,0.0
2021-02-26,-1.0
2021-02-28,-1.0
2021-03-05,-1.0
2021-03-06,0.0
2021-03-08,0.0
2021-03-10,-1.0
2021-03-13,-1.0
2021-03-18,-1.0
2021-03-19,-0.5
2021-03-22,-1.0
2021-03-24,-1.0
2021-03-28,0.0
2021-03-31,-1.0
2021-04-01,-0.75
2021-04-04,1.0
2021-04-08,-1.0
2021-04-15,0.0
2021-04-20,0.0
2021-04-22,0.0
2021-04-23,0.0
2021-04-28,-1.0
2021-05-01,-1.0
2021-05-02,-1.0
2021-05-03,-1.0
2021-05-04,1.0
2021-05-06,-0.3333333333333333
2021-05-08,-1.0
2021-05-09,-1.0
2021-05-10,-0.5
2021-05-17,1.0
2021-05-24,0.0
2021-05-25,-1.0
2021-05-26,-0.3333333333333333
2021-06-07,0.0
2021-06-09,1.0
2021-06-11,-1.0
2021-06-13,0.0
2021-06-14,0.0
2021-06-18,1.0
2021-06-20,0.0
2021-06-24,-0.5
2021-06-25,-0.5
2021-06-26,-1.0
2021-07-02,0.0
2021-07-06,-1.0
2021-07-08,-0.5
2021-07-10,1.0
2021-07-12,0.0
2021-07-16,0.0
2021-07-17,1.0
2021-07-18,-1.0
2021-07-22,1.0
2021-07-25,-1.0
2021-07-28,1.0
2021-07-29,0.3333333333333333
2021-08-03,1.0
2021-08-04,0.0
2021-08-09,0.0
2021-08-15,-1.0
2021-08-16,-1.0
2021-08-19,-1.0
2021-08-22,-1.0
2021-09-03,1.0
2021-09-04,-1.0
2021-09-07,-1.0
2021-09-08,-1.0
2021-09-15,-1.0
2021-09-17,-1.0
2021-09-19,0.0
2021-09-21,-1.0
2021-09-24,0.0
2021-09-25,-1.0
2021-10-06,0.0
2021-10-15,1.0
2021-10-17,-1.0
2021-10-26,-1.0
2021-11-02,0.0
2021-11-05,-1.0
2021-11-07,-1.0
2021-11-09,-1.0
2021-11-11,0.0
2021-11-16,-1.0
2021-11-19,0.0
2021-11-24,-1.0
2021-12-04,-1.0
2021-12-12,-1.0
2021-12-17,-1.0
2021-12-20,1.0
2021-12-25,-1.0
2022-01-07,-1.0
2022-01-09,0.0
2022-01-10,1.0
2022-01-14,-1.0
2022-01-27,-1.0
2022-01-28,0.0
2022-02-04,-1.0
2022-02-08,-1.0
2022-02-11,-1.0
2022-02-12,-1.0
2022-02-14,0.0
2022-02-22,-1.0
2022-03-14,0.0
2022-03-15,0.0
2022-03-16,-0.5
2022-03-20,1.0
2022-03-22,0.0
2022-03-28,0.0
2022-03-29,-0.6666666666666666
2022-03-30,-1.0
2022-04-03,-1.0
2022-04-11,-1.0
2022-04-14,1.0
2022-04-16,1.0
2022-04-28,-1.0
2022-04-29,-0.3333333333333333
2022-05-02,0.0
2022-05-03,-1.0
2022-05-04,-1.0
2022-05-05,0.0
2022-05-06,-0.3333333333333333
2022-05-07,-1.0
2022-05-14,-1.0
2022-05-17,1.0
2022-05-20,-1.0
2022-06-02,-1.0
2022-06-04,-0.3333333333333333
2022-06-05,-1.0
2022-06-22,-1.0
2022-06-23,-0.5
2022-06-29,0.0
2022-06-30,0.0
2022-07-07,-1.0
2022-07-08,-1.0
2022-07-13,0.0
2022-07-18,-0.5
2022-07-20,-1.0
2022-07-22,0.0
2022-07-24,-1.0
2022-07-25,0.0
2022-07-28,-1.0
2022-07-29,1.0
2022-08-04,0.5
2022-08-06,0.0
2022-08-07,-1.0
2022-08-18,-1.0
2022-08-19,-0.3333333333333333
2022-08-20,-0.5
2022-08-22,-1.0
2022-08-23,-1.0
2022-08-24,1.0
2022-08-25,0.0
2022-08-26,1.0
2022-08-28,0.0
2022-08-29,0.0
2022-09-08,0.0
2022-09-09,0.0
2022-09-10,-1.0
2022-09-13,0.0
2022-09-15,-1.0
2022-09-16,0.0
2022-09-21,0.0
2022-09-26,-1.0
2022-09-28,-1.0
2022-10-03,-1.0
2022-10-13,0.0
2022-10-14,-1.0
2022-10-16,-1.0
2022-10-19,-1.0
2022-10-27,0.0
2022-10-29,-1.0
2022-10-31,0.0
2022-11-01,-1.0
2022-11-06,1.0
2022-11-09,0.0
2022-11-11,-1.0
2022-11-15,-0.3333333333333333
2022-11-16,-0.3333333333333333
2022-11-17,0.0
2022-11-23,-1.0
2022-11-25,1.0
2022-11-27,0.0
2022-12-10,-1.0
2022-12-17,-1.0
2022-12-20,1.0
2022-12-26,-1.0
2022-12-29,0.0
2022-12-31,0.0
2023-01-01,-1.0
2023-01-03,1.0
2023-01-07,-1.0
2023-01-09,0.0
2023-01-14,-1.0
2023-01-16,-1.0
2023-01-20,-0.6666666666666666
2023-01-21,-1.0
2023-01-23,1.0
2023-01-24,0.0
2023-02-01,-1.0
2023-02-08,0.0
2023-02-13,-1.0
2023-02-14,0.0
2023-02-16,-1.0
2023-02-18,0.0
2023-02-22,0.0
2023-03-06,-1.0
2023-03-08,1.0
2023-03-10,0.0
2023-03-12,-1.0
2023-03-19,0.0
2023-03-21,-1.0
2023-03-30,-1.0
2023-04-09,-1.0
2023-04-10,1.0
2023-04-12,0.0
2023-04-15,-1.0
2023-04-16,0.0
2023-04-18,1.0
2023-04-21,-1.0
2023-04-22,-1.0
2023-04-23,0.0
2023-04-24,-1.0
2023-04-26,-1.0
2023-04-27,1.0
2023-04-28,0.6666666666666666
2023-04-29,0.0
2023-04-30,-0.5
2023-05-05,0.0
2023-05-08,-1.0
2023-05-12,-1.0
2023-05-15,-1.0
2023-05-17,0.0
2023-05-18,-1.0
2023-05-23,-1.0
2023-05-24,-1.0
2023-05-27,0.0
2023-05-28,-1.0
2023-06-01,0.0
2023-06-05,-0.5
2023-06-06,1.0
2023-06-07,1.0
2023-06-11,-1.0
2023-06-19,-1.0
2023-06-20,-1.0
2023-06-21,0.0
2023-06-22,0.0
2023-07-06,-0.5
2023-07-07,1.0
2023-07-16,0.5
2023-07-21,0.0
2023-07-22,0.0
2023-07-24,0.0
2023-07-25,-0.5
2023-07-26,-0.5
2023-08-02,0.0
2023-08-03,-1.0
2023-08-05,-0.5
2023-08-06,1.0
2023-08-08,-1.0
2023-08-09,0.0
2023-08-12,0.0
2023-08-13,0.0
2023-08-15,0.0
2023-08-21,-0.5
2023-08-24,0.0
2023-08-27,0.0
2023-08-28,-1.0
2023-08-31,-1.0
2023-09-03,0.0
2023-09-12,1.0
2023-09-18,-1.0
2023-09-25,-1.0
2023-09-27,0.0
2023-10-01,0.0
2023-10-07,1.0
2023-10-09,0.0
2023-10-14,0.0
2023-10-17,-1.0
2023-10-19,-1.0
2023-10-24,0.0
2023-10-27,-1.0
2023-11-06,1.0
2023-11-13,1.0
2023-11-17,0.0
2023-11-20,-1.0
2023-11-27,-1.0
2023-12-04,-1.0
2023-12-11,-0.5
2023-12-12,0.0
2023-12-13,-1.0
2023-12-18,-0.5
2023-12-19,1.0
2023-12-20,-0.5
2023-12-24,-1.0
2023-12-26,-0.6666666666666666
2023-12-30,-1.0
2024-01-04,-1.0
2024-01-10,-1.0
2024-01-11,-1.0
2024-01-13,-1.0
2024-01-17,0.0
2024-01-18,-1.0
2024-02-02,-0.5
2024-02-06,0.0
2024-02-15,0.0
2024-02-19,0.0
2024-02-27,0.0
2024-02-28,0.0
2024-02-29,-1.0
2024-03-03,-1.0
2024-03-05,-1.0
2024-03-11,1.0
2024-03-13,0.0
2024-03-17,-0.3333333333333333
2024-03-18,-1.0
2024-03-21,-0.6666666666666666
2024-03-22,0.0
2024-03-23,0.0
2024-03-26,-1.0
2024-03-30,0.0
2024-04-03,0.6666666666666666
2024-04-04,-1.0
2024-04-06,0.0
2024-04-09,-1.0
2024-04-10,0.0
2024-04-11,0.0
2024-04-13,-1.0
2024-04-14,-1.0
2024-04-15,0.0
2024-04-17,-1.0
2024-04-21,0.0
2024-04-22,-0.5
2024-04-25,-1.0
2024-05-02,1.0
2024-05-04,-1.0
2024-05-07,-1.0
2024-05-08,-1.0
2024-05-12,1.0
2024-05-14,0.0
2024-05-16,0.0
2024-05-17,-1.0
2024-05-18,0.0
2024-05-19,0.0
2024-05-20,0.0
2024-05-23,-1.0
2024-05-28,0.0
2024-05-29,0.0
2024-05-31,0.0
2024-06-01,0.0
2024-06-03,1.0
2024-06-04,-1.0
2024-06-07,-0.6666666666666666
2024-06-08,0.0
2024-06-10,0.0
2024-06-11,1.0
2024-06-14,0.0
2024-06-17,0.0
2024-06-19,0.0
2024-06-24,-1.0
2024-06-29,-1.0
2024-06-30,-0.3333333333333333
2024-07-04,-1.0
2024-07-05,-1.0
2024-07-07,0.0
2024-07-10,-1.0
2024-07-12,1.0
2024-07-15,-0.75
2024-07-16,-1.0
2024-07-19,-0.75
2024-07-20,-1.0
2024-07-25,1.0
2024-07-30,-1.0
2024-08-02,0.0
2024-08-03,-1.0
2024-08-06,-0.5
2024-08-08,0.0
2024-08-11,0.0
2024-08-14,0.0
2024-08-18,-1.0
2024-08-21,-1.0
2024-08-24,1.0
2024-08-29,-1.0
2024-08-31,1.0
2024-09-03,0.0
2024-09-06,0.0
2024-09-07,0.0
2024-09-08,0.0
2024-09-12,1.0
2024-09-14,-1.0
2024-09-15,-1.0
2024-09-16,-1.0
2024-09-17,-1.0
2024-09-18,-1.0
2024-09-22,-1.0
2024-09-25,0.0
2024-09-27,-1.0
2024-09-30,0.0
2024-10-01,-0.5
2024-10-02,0.0
2024-10-03,0.0
2024-10-06,0.0
2024-10-08,-1.0
2024-10-09,0.0
2024-10-10,0.0
2024-10-12,0.0
2024-10-14,0.0
2024-10-15,-1.0
2024-10-19,0.0
2024-10-20,-0.5
2024-10-22,-1.0
2024-10-24,1.0
2024-10-25,-1.0
2024-10-26,-1.0
2024-10-27,0.0
2024-10-28,1.0
2024-10-29,0.0
2024-10-31,-0.5
2024-11-01,-1.0
2024-11-02,-1.0
2024-11-03,0.0
2024-11-05,-1.0
2024-11-06,-1.0
2024-11-07,-0.5
2024-11-09,0.0
2024-11-10,0.3333333333333333
2024-11-12,0.5
2024-11-13,1.0
2024-11-15,0.0
2024-11-17,-1.0
2024-11-19,-0.6
2024-11-21,0.5
2024-11-22,0.0
2024-11-23,-0.3333333333333333
2024-11-25,1.0
2024-11-27,0.0
2024-11-29,1.0
2024-11-30,-0.5
2024-12-02,0.25
2024-12-04,-0.5
2024-12-05,0.3333333333333333
2024-12-07,-1.0
2024-12-08,0.0
2024-12-12,-0.5
2024-12-13,-1.0
2024-12-14,0.0
2024-12-16,0.0
2024-12-17,0.3333333333333333
2024-12-19,-0.3333333333333333
2024-12-20,-0.5
2024-12-23,1.0
2024-12-24,0.0
2024-12-25,1.0
2024-12-26,1.0
2024-12-27,-0.5
2024-12-28,-1.0
2024-12-30,-1.0
2024-12-31,-1.0
2025-01-01,-1.0
2025-01-03,-0.3333333333333333
2025-01-04,-1.0
2025-01-05,0.0
2025-01-06,0.0
2025-01-08,0.0
2025-01-09,0.25
2025-01-10,0.0
2025-01-11,-1.0
2025-01-12,0.0
2025-01-13,0.0
2025-01-14,-1.0
2025-01-15,0.0
2025-01-16,-1.0
2025-01-17,-1.0
2025-01-19,0.0
2025-01-20,0.0
2025-01-21,-0.3333333333333333
2025-01-22,0.5
2025-01-24,0.0
2025-01-26,-0.6666666666666666
2025-01-27,-0.5
2025-01-28,0.0
2025-01-29,-0.6666666666666666
2025-01-30,1.0
2025-01-31,-1.0
2025-02-05,-1.0
2025-02-06,0.0
2025-02-07,-1.0
2025-02-09,0.5
2025-02-10,-1.0
2025-02-11,0.0
2025-02-13,-0.25
2025-02-16,-0.5
2025-02-17,0.0
2025-02-18,1.0
2025-02-19,0.0
2025-02-20,0.0
2025-02-21,-0.3333333333333333
2025-02-23,-0.25
2025-02-24,-1.0
2025-02-25,0.0
2025-02-26,-1.0
2025-02-27,0.0
2025-02-28,-1.0
2025-03-01,-0.5
2025-03-02,-1.0
2025-03-03,0.0
2025-03-04,-0.6666666666666666
2025-03-05,1.0
2025-03-06,-0.5
2025-03-07,0.0
2025-03-08,0.0
2025-03-09,-0.3333333333333333
2025-03-10,-0.3333333333333333
2025-03-11,0.0
2025-03-12,0.5
2025-03-13,0.0
2025-03-14,0.6
2025-03-15,0.0
2025-03-17,-0.6666666666666666
2025-03-18,-0.45454545454545453
2025-03-19,-0.6666666666666666
2025-03-20,-0.5
2025-03-21,-1.0
2025-03-22,-0.5
2025-03-23,-0.5
2025-03-24,-1.0
2025-03-25,-0.5
2025-03-26,-1.0
2025-03-27,-1.0
2025-03-28,-0.5
2025-03-29,-0.3333333333333333
2025-03-30,-1.0
2025-03-31,-1.0
2025-04-01,-0.3333333333333333
2025-04-02,-0.3333333333333333
2025-04-03,-0.2857142857142857
2025-04-04,-0.6666666666666666
2025-04-05,0.0
2025-04-06,0.0
2025-04-07,-0.6666666666666666
2025-04-08,0.0
2025-04-09,-0.2
2025-04-10,-1.0
2025-04-11,0.0
